{"stats":{"minecraft:used":{"minecraft:birch_log":4},"minecraft:picked_up":{"minecraft:birch_log":4},"minecraft:custom":{"minecraft:time_since_rest":3308,"minecraft:damage_dealt":102,"minecraft:leave_game":1,"minecraft:sprint_one_cm":2980,"minecraft:play_time":3308,"minecraft:damage_taken":100,"minecraft:time_since_death":3308,"minecraft:walk_one_cm":9987,"minecraft:total_world_time":3308,"minecraft:fly_one_cm":3876,"minecraft:jump":18},"minecraft:mined":{"minecraft:birch_log":4,"minecraft:grass":1}},"DataVersion":2975}