{
  "minecraft:recipes/misc/charcoal": {
    "criteria": {
      "has_log": "2024-11-24 14:16:39 +0000"
    },
    "done": true
  },
  "minecraft:recipes/building_blocks/birch_wood": {
    "criteria": {
      "has_log": "2024-11-24 14:16:39 +0000"
    },
    "done": true
  },
  "minecraft:adventure/adventuring_time": {
    "criteria": {
      "minecraft:birch_forest": "2024-11-24 14:16:29 +0000"
    },
    "done": false
  },
  "minecraft:recipes/building_blocks/birch_planks": {
    "criteria": {
      "has_logs": "2024-11-24 14:16:39 +0000"
    },
    "done": true
  },
  "DataVersion": 2975
}